<?xml version='1.0' encoding='UTF-8' ?>
<timeLogEntries>
  <time id="1" path="/Non Project/PSP Fundamentals &amp; Advanced/Program 1/Planning" start="@1486249076241" delta="11" />
  <time id="2" path="/Non Project/PSP Fundamentals &amp; Advanced/Program 1/Design" start="@1486249749266" delta="11" />
  <time id="3" path="/Non Project/PSP Fundamentals &amp; Advanced/Program 1/Design" start="@1486250790503" delta="12" />
  <time id="4" path="/Non Project/PSP Fundamentals &amp; Advanced/Program 1/Code" start="@1486250985967" delta="55" />
  <time id="5" path="/Non Project/PSP Fundamentals &amp; Advanced/Program 1/Compile" start="@1486254285813" delta="1" />
  <time id="6" path="/Non Project/PSP Fundamentals &amp; Advanced/Program 1/Test" start="@1486254352710" delta="33" comment="" />
  <time id="7" path="/Non Project/PSP Fundamentals &amp; Advanced/Program 1/Postmortem" start="@1486258138862" delta="4" />
  <time id="8" path="/Non Project/PSP Fundamentals &amp; Advanced/Program 2/Planning" start="@1487447295183" delta="13" />
  <time id="9" path="/Non Project/PSP Fundamentals &amp; Advanced/Program 2/Design" start="@1487448125646" delta="23" />
  <time id="10" path="/Non Project/PSP Fundamentals &amp; Advanced/Program 2/Code" start="@1487449490068" delta="74" />
  <time id="11" path="/Non Project/PSP Fundamentals &amp; Advanced/Program 2/Test" start="@1487453920744" delta="7" interrupt="50" />
  <time id="12" path="/Non Project/PSP Fundamentals &amp; Advanced/Program 2/Postmortem" start="@1487457371056" delta="20" interrupt="1" />
  <time id="14" path="/Non Project/PSP1/Planning" start="@1487460025008" delta="13" />
  <time id="15" path="/Non Project/PSP1/Design" start="@1487460042229" delta="23" />
  <time id="16" path="/Non Project/PSP1/Code" start="@1487460064627" delta="74" />
  <time id="17" path="/Non Project/PSP1/Compile" start="@1487460080002" delta="1" />
  <time id="18" path="/Non Project/PSP1/Test" start="@1487460088356" delta="7" />
  <time id="20" path="/Non Project/PSP1/Postmortem" start="@1487460101234" delta="16" />
</timeLogEntries>
