<?xml version='1.0' encoding='UTF-8' ?>
<timeLogEntries>
  <time id="1" path="/Non Project/PSP Fundamentals &amp; Advanced/Program 1/Planning" start="@1486249076241" delta="11" />
  <time id="2" path="/Non Project/PSP Fundamentals &amp; Advanced/Program 1/Design" start="@1486249749266" delta="11" />
  <time id="3" path="/Non Project/PSP Fundamentals &amp; Advanced/Program 1/Design" start="@1486250790503" delta="12" />
  <time id="4" path="/Non Project/PSP Fundamentals &amp; Advanced/Program 1/Code" start="@1486250985967" delta="55" />
  <time id="5" path="/Non Project/PSP Fundamentals &amp; Advanced/Program 1/Compile" start="@1486254285813" delta="1" />
  <time id="6" path="/Non Project/PSP Fundamentals &amp; Advanced/Program 1/Test" start="@1486254352710" delta="33" comment="" />
  <time id="7" path="/Non Project/PSP Fundamentals &amp; Advanced/Program 1/Postmortem" start="@1486258138862" delta="4" />
  <time id="8" path="/Non Project/PSP Fundamentals &amp; Advanced/Program 2/Planning" start="@1487447295183" delta="13" />
  <time id="9" path="/Non Project/PSP Fundamentals &amp; Advanced/Program 2/Design" start="@1487448125646" delta="23" />
  <time id="10" path="/Non Project/PSP Fundamentals &amp; Advanced/Program 2/Code" start="@1487449490068" delta="74" />
  <time id="11" path="/Non Project/PSP Fundamentals &amp; Advanced/Program 2/Test" start="@1487453920744" delta="7" interrupt="50" />
  <time id="12" path="/Non Project/PSP Fundamentals &amp; Advanced/Program 2/Postmortem" start="@1487457371056" delta="30" interrupt="1" />
  <time id="14" path="/Non Project/PSP1/Planning" start="@1487460025008" delta="13" />
  <time id="15" path="/Non Project/PSP1/Design" start="@1487460042229" delta="23" />
  <time id="16" path="/Non Project/PSP1/Code" start="@1487460064627" delta="74" />
  <time id="17" path="/Non Project/PSP1/Compile" start="@1487460080002" delta="1" />
  <time id="18" path="/Non Project/PSP1/Test" start="@1487460088356" delta="7" />
  <time id="20" path="/Non Project/PSP1/Postmortem" start="@1487460101234" delta="16" />
  <time id="22" path="/Non Project/PSP Fundamentals &amp; Advanced/Program 3/Planning" start="@1488034806000" delta="20" />
  <time id="24" path="/Non Project/PSP Fundamentals &amp; Advanced/Program 3/Design" start="@1488037212000" delta="57" />
  <time id="25" path="/Non Project/PSP Fundamentals &amp; Advanced/Program 3/Design Review" start="@1488041006000" delta="27" />
  <time id="26" path="/Non Project/PSP Fundamentals &amp; Advanced/Program 3/Code" start="@1488042806000" delta="124" />
  <time id="27" path="/Non Project/PSP Fundamentals &amp; Advanced/Program 3/Code Review" start="@1488053625000" delta="27" />
  <time id="28" path="/Non Project/PSP Fundamentals &amp; Advanced/Program 3/Compile" start="@1488055631000" delta="1" />
  <time id="29" path="/Non Project/PSP Fundamentals &amp; Advanced/Program 3/Test" start="@1488056271000" delta="28" />
  <time id="30" path="/Non Project/PSP Fundamentals &amp; Advanced/Program 3/Postmortem" start="@1488058278000" delta="45" />
  <time id="31" path="/Non Project/PSP Fundamentals &amp; Advanced/Program 4/Planning" start="@1489964061851" delta="18" />
  <time id="32" path="/Non Project/PSP Fundamentals &amp; Advanced/Program 4/Design" start="@1489965144748" delta="29" />
  <time id="33" path="/Non Project/PSP Fundamentals &amp; Advanced/Program 4/Design Review" start="@1489966875293" delta="9" />
  <time id="34" path="/Non Project/PSP Fundamentals &amp; Advanced/Program 4/Code" start="@1489967431640" delta="100" />
  <time id="35" path="/Non Project/PSP Fundamentals &amp; Advanced/Program 4/Code Review" start="@1489981214611" delta="15" />
  <time id="36" path="/Non Project/PSP Fundamentals &amp; Advanced/Program 4/Test" start="@1489982133981" delta="13" />
  <time id="37" path="/Non Project/PSP Fundamentals &amp; Advanced/Program 4/Postmortem" start="@1489982899073" delta="21" />
  <time id="38" path="/Non Project/PSP Fundamentals &amp; Advanced/Program 5/Planning" start="@1491161194841" delta="50" />
  <time id="39" path="/Non Project/PSP Fundamentals &amp; Advanced/Program 5/Design" start="@1491164223725" delta="3" />
  <time id="40" path="/Non Project/PSP Fundamentals &amp; Advanced/Program 5/Design" start="@1491165565463" delta="15" />
  <time id="41" path="/Non Project/PSP Fundamentals &amp; Advanced/Program 5/Design Review" start="@1491166485537" delta="10" />
  <time id="42" path="/Non Project/PSP Fundamentals &amp; Advanced/Program 5/Code" start="@1491167108627" delta="58" />
  <time id="43" path="/Non Project/PSP Fundamentals &amp; Advanced/Program 5/Code Review" start="@1491170755892" delta="9" />
  <time id="44" path="/Non Project/PSP Fundamentals &amp; Advanced/Program 5/Code Review" start="@1491171765913" delta="11" />
  <time id="45" path="/Non Project/PSP Fundamentals &amp; Advanced/Program 5/Test" start="@1491172442805" delta="15" />
  <time id="46" path="/Non Project/PSP Fundamentals &amp; Advanced/Program 5/Postmortem" start="@1491173382163" delta="37" />
</timeLogEntries>
